<?xml version="1.0" encoding="UTF-8"?>
<beans xmlns="http://www.springframework.org/schema/beans"
       xmlns:xsi="http://www.w3.org/2001/XMLSchema-instance"
       xsi:schemaLocation="http://www.springframework.org/schema/beans
                           http://www.springframework.org/schema/beans/spring-beans-3.0.xsd">
                           
                           
                           
        <bean id="pr" class="com.springemployee.ex.com.employee.example.Project">
        <property name="pid" value="101"/>
        <property name="duration" value="6 months"/>
        <property name="cost" value="50000"/>
    </bean>

    <bean id="em" class="com.springemployee.ex.com.employee.example.Employee">
        <property name="empid" value="1"/>
        <property name="name" value="Gayathri"/>
        <property name="salary" value="60000"/>
        <property name="address">
            <map>
                <entry key="home" value="Salem"/>
                <entry key="office" value="Chennai"/>
            </map>
        </property>
        <property name="project" ref="pr"/>
    </bean>             
                           
</beans>                      